{
  "ilw_mm": 0.0,
  "iwv_mm": 16.211081,
  "q": 0.155631,
  "zdd_m": 2.12787,
  "zwd_m": 0.104163
}