{
  "tau_np": 0.173705,
  "tmean_k": 263.842502
}