{
  "tau_np": 0.214168,
  "tmean_k": 264.843571
}