{
  "dew_point_k": 276.546925,
  "pressure_hpa": 947.9702,
  "relative_humidity_pct": 75.92392,
  "temperature_k": 280.51189,
  "u_wind_mps": -1.596989,
  "v_wind_mps": 0.629767
}