{
  "tsys2_k": 122.310774,
  "tsys_k": 118.619532
}