{
  "tsys2_k": 135.020014,
  "tsys_k": 129.873741
}