{
  "ilw_mm": 0.0,
  "iwv_mm": 12.024062,
  "q": 0.155792,
  "zdd_m": 2.158229,
  "zwd_m": 0.07718
}