{
  "dew_point_k": 280.297063,
  "pressure_hpa": 934.635375,
  "relative_humidity_pct": 85.843311,
  "temperature_k": 282.545888,
  "u_wind_mps": 4.377476,
  "v_wind_mps": -1.01382
}